{"token":{"type":"oauthSetting","oAuthSettings":{"identityProvider":"aad","clientId":"0a8fb3ff-84e8-4bc4-80c8-bf6ab44502eb","scopes":[],"redirectMode":"Global","redirectUrl":"https://global.consent.azure-apim.net/redirect","properties":{"IsFirstParty":"False","AzureActiveDirectoryResourceId":"https://graph.microsoft.com","IsOnbehalfofLoginSupported":true},"customParameters":{"loginUri":{"value":"https://login.microsoftonline.com"},"tenantId":{"value":"common"},"resourceUri":{"value":"https://graph.microsoft.com"},"enableOnbehalfOfLogin":{"value":"false"}}}},"token:TenantId":{"type":"string","metadata":{"sourceType":"AzureActiveDirectoryTenant"},"uiDefinition":{"constraints":{"required":"false","hidden":"true"}}}}