<ImportExportXml xmlns:xsi="http://www.w3.org/2001/XMLSchema-instance">
  <Entities></Entities>
  <Roles></Roles>
  <Workflows>
    <Workflow WorkflowId="{89d99b74-bd50-ee11-be6f-002248b31605}" Name="Create Teams Meeting">
      <JsonFileName>/Workflows/CreateTeamsMeeting-89D99B74-BD50-EE11-BE6F-002248B31605.json</JsonFileName>
      <Type>1</Type>
      <Subprocess>0</Subprocess>
      <Category>5</Category>
      <Mode>0</Mode>
      <Scope>4</Scope>
      <OnDemand>0</OnDemand>
      <TriggerOnCreate>0</TriggerOnCreate>
      <TriggerOnDelete>0</TriggerOnDelete>
      <AsyncAutodelete>0</AsyncAutodelete>
      <SyncWorkflowLogOnFailure>0</SyncWorkflowLogOnFailure>
      <StateCode>1</StateCode>
      <StatusCode>2</StatusCode>
      <RunAs>1</RunAs>
      <IsTransacted>1</IsTransacted>
      <IntroducedVersion>1.0.0.0</IntroducedVersion>
      <IsCustomizable>1</IsCustomizable>
      <BusinessProcessType>0</BusinessProcessType>
      <IsCustomProcessingStepAllowedForOtherPublishers>1</IsCustomProcessingStepAllowedForOtherPublishers>
      <PrimaryEntity>none</PrimaryEntity>
      <LocalizedNames>
        <LocalizedName languagecode="1033" description="Create Teams Meeting" />
      </LocalizedNames>
    </Workflow>
  </Workflows>
  <FieldSecurityProfiles></FieldSecurityProfiles>
  <Templates />
  <EntityMaps />
  <EntityRelationships />
  <OrganizationSettings />
  <optionsets />
  <CustomControls />
  <EntityDataProviders />
  <CanvasApps>
    <CanvasApp>
      <Name>crec2_teamssupervisedmeetings_369e2</Name>
      <AppVersion>2023-09-28T20:27:20Z</AppVersion>
      <Status>Ready</Status>
      <CreatedByClientVersion>3.23093.15.0</CreatedByClientVersion>
      <MinClientVersion>3.23093.15.0</MinClientVersion>
      <Tags>{"primaryDeviceWidth":"1366","primaryDeviceHeight":"768","supportsPortrait":"true","supportsLandscape":"true","primaryFormFactor":"Tablet","showStatusBar":"false","publisherVersion":"3.23093.15","minimumRequiredApiVersion":"2.2.0","hasComponent":"false","hasUnlockedComponent":"false","isUnifiedRootApp":"false","sienaVersion":"20230922T192116Z-3.23092.13.0"}</Tags>
      <IsCdsUpgraded>0</IsCdsUpgraded>
      <GalleryItemId xsi:nil="true"></GalleryItemId>
      <BackgroundColor>RGBA(0,176,240,1)</BackgroundColor>
      <DisplayName>Teams Supervised Meetings</DisplayName>
      <Description>helper app to support supervised meetings</Description>
      <CommitMessage xsi:nil="true"></CommitMessage>
      <Publisher xsi:nil="true"></Publisher>
      <AuthorizationReferences>[]</AuthorizationReferences>
      <ConnectionReferences>{"c84ead78-2729-46f4-9333-e701e8fc5902":{"id":"/providers/microsoft.powerapps/apis/shared_office365users","displayName":"Office 365 Users","iconUri":"https://connectoricons-prod.azureedge.net/u/laborbol/partial-builds/ase-v3/1.0.1653.3402/office365users/icon.png","dataSources":["Office365Users"],"dependencies":[],"dependents":[],"parameterHints":{},"parameterHintsV2":{},"isOnPremiseConnection":false,"bypassConsent":false,"dataSets":{},"apiTier":"Standard","actions":["SearchUser"],"isCustomApiSolutionAware":false},"cc8550ef-7209-4689-b8ec-1441e878eaea":{"id":"/providers/microsoft.powerapps/apis/shared_office365groups","displayName":"Office 365 Groups","iconUri":"https://connectoricons-prod.azureedge.net/releases/v1.0.1654/1.0.1654.3410/office365groups/icon.png","dataSources":["Office365Groups"],"dependencies":[],"dependents":[],"parameterHints":{},"parameterHintsV2":{},"isOnPremiseConnection":false,"bypassConsent":false,"dataSets":{},"apiTier":"Standard","isCustomApiSolutionAware":false},"4b49274b-3a8c-4979-b5bd-799895c212a8":{"id":"/providers/microsoft.powerapps/apis/shared_sharepointonline","displayName":"SharePoint","iconUri":"https://connectoricons-prod.azureedge.net/releases/v1.0.1656/1.0.1656.3432/sharepointonline/icon.png","dataSources":["Supervised Meetings"],"dependencies":[],"dependents":[],"parameterHints":{},"parameterHintsV2":{},"isOnPremiseConnection":false,"bypassConsent":false,"dataSets":{"https://cvele.sharepoint.com/sites/SupervisedMeetings_new_shared_sharepointonline_932278ac83344c19bb950b30c83f9adb":{"datasetOverride":{"name":"https://cvele.sharepoint.com/sites/SupervisedMeetings","environmentVariableName":"new_shared_sharepointonline_932278ac83344c19bb950b30c83f9adb"},"dataSources":{"Supervised Meetings":{"tableName":"93fca17a-069f-43d9-9615-537067cc13d6","tableNameOverride":{"name":"93fca17a-069f-43d9-9615-537067cc13d6","environmentVariableName":"new_shared_sharepointonline_c680a08c0d1a45eb9e3fb9319c74ecfc"}}}}},"apiTier":"Standard","actions":["providers/PowerPlatform.Governance/Operations/Read"],"isCustomApiSolutionAware":false},"68ccee4e-7aac-42fb-a581-31725437b571":{"id":"/providers/microsoft.powerapps/apis/shared_logicflows","displayName":"Logic flows","iconUri":"https://connectoricons-prod.azureedge.net/releases/v1.0.1653/1.0.1653.3403/logicflows/icon.png","dataSources":["CreateTeamsMeeting"],"dependencies":["3841f8da-5dea-4fe6-b221-f55f711ed0b4","95d14e72-984b-4c8a-be6b-03f889d7f5b0","874e99d6-bd1a-4d02-b461-c1b184dfcd62"],"dependents":[],"parameterHints":{"workflowName":{"value":"d703d1c7-e6e5-4199-98c1-3b01a986c88e"},"workflowEntityId":{"value":"89d99b74-bd50-ee11-be6f-002248b31605"},"3841f8da-5dea-4fe6-b221-f55f711ed0b4":{"value":"shared_crec2-5fmeetingscustomconnector-5f7336cc28f826ad2d"},"95d14e72-984b-4c8a-be6b-03f889d7f5b0":{"value":"shared_crec2-5fmeetingscustomconnector-5f7336cc28f826ad2d_1"},"874e99d6-bd1a-4d02-b461-c1b184dfcd62":{"value":"shared_sharepointonline"}},"parameterHintsV2":{"workflowName":{"value":"d703d1c7-e6e5-4199-98c1-3b01a986c88e"},"workflowEntityId":{"value":"89d99b74-bd50-ee11-be6f-002248b31605"},"shared_crec2-5fmeetingscustomconnector-5f7336cc28f826ad2d":{"value":"3841f8da-5dea-4fe6-b221-f55f711ed0b4"},"shared_crec2-5fmeetingscustomconnector-5f7336cc28f826ad2d_1":{"value":"95d14e72-984b-4c8a-be6b-03f889d7f5b0"},"shared_sharepointonline":{"value":"874e99d6-bd1a-4d02-b461-c1b184dfcd62"}},"isOnPremiseConnection":false,"bypassConsent":false,"dataSets":{},"apiTier":"Standard","actions":["Run"],"isCustomApiSolutionAware":false},"3841f8da-5dea-4fe6-b221-f55f711ed0b4":{"id":"/providers/microsoft.powerapps/apis/shared_crec2-5fmeetingscustomconnector-5f7336cc28f826ad2d","displayName":"MeetingsCustomConnector","iconUri":"https://az787822.vo.msecnd.net/defaulticons/api-dedicated.png","dataSources":[],"dependencies":[],"dependents":["68ccee4e-7aac-42fb-a581-31725437b571"],"parameterHints":{},"parameterHintsV2":{},"isOnPremiseConnection":false,"bypassConsent":false,"dataSets":{},"apiTier":"Standard","customApiLogicalName":"crec2_5Fmeetingscustomconnector","isCustomApiSolutionAware":true},"95d14e72-984b-4c8a-be6b-03f889d7f5b0":{"id":"/providers/microsoft.powerapps/apis/shared_crec2-5fmeetingscustomconnector-5f7336cc28f826ad2d","displayName":"MeetingsCustomConnector","iconUri":"https://az787822.vo.msecnd.net/defaulticons/api-dedicated.png","dataSources":[],"dependencies":[],"dependents":["68ccee4e-7aac-42fb-a581-31725437b571"],"parameterHints":{},"parameterHintsV2":{},"isOnPremiseConnection":false,"bypassConsent":false,"dataSets":{},"apiTier":"Standard","customApiLogicalName":"crec2_5Fmeetingscustomconnector","isCustomApiSolutionAware":true},"874e99d6-bd1a-4d02-b461-c1b184dfcd62":{"id":"/providers/microsoft.powerapps/apis/shared_sharepointonline","displayName":"SharePoint","iconUri":"https://connectoricons-prod.azureedge.net/releases/v1.0.1656/1.0.1656.3432/sharepointonline/icon.png","dataSources":[],"dependencies":[],"dependents":["68ccee4e-7aac-42fb-a581-31725437b571"],"parameterHints":{},"parameterHintsV2":{},"isOnPremiseConnection":false,"bypassConsent":false,"dataSets":{},"apiTier":"Standard","isCustomApiSolutionAware":false}}</ConnectionReferences>
      <DatabaseReferences>{}</DatabaseReferences>
      <AppComponents>[]</AppComponents>
      <AppComponentDependencies>[]</AppComponentDependencies>
      <CanConsumeAppPass>1</CanConsumeAppPass>
      <CanvasAppType>0</CanvasAppType>
      <BypassConsent>0</BypassConsent>
      <AdminControlBypassConsent>0</AdminControlBypassConsent>
      <EmbeddedApp xsi:nil="true"></EmbeddedApp>
      <IntroducedVersion>1.0</IntroducedVersion>
      <CdsDependencies>{"cdsdependencies":[{"logicalname":"crec2_5Fmeetingscustomconnector","componenttype":372,"componenttypeplatformname":"connector"},{"dependencyid":"89d99b74-bd50-ee11-be6f-002248b31605","componenttype":29,"componenttypeplatformname":"Workflow"},{"logicalname":"new_shared_sharepointonline_932278ac83344c19bb950b30c83f9adb","componenttype":380,"componenttypeplatformname":"EnvironmentVariableDefinition"},{"logicalname":"new_shared_sharepointonline_c680a08c0d1a45eb9e3fb9319c74ecfc","componenttype":380,"componenttypeplatformname":"EnvironmentVariableDefinition"}]}</CdsDependencies>
      <IsCustomizable>1</IsCustomizable>
      <BackgroundImageUri>/CanvasApps/crec2_teamssupervisedmeetings_369e2_BackgroundImageUri</BackgroundImageUri>
      <DocumentUri>/CanvasApps/crec2_teamssupervisedmeetings_369e2_DocumentUri.msapp</DocumentUri>
    </CanvasApp>
  </CanvasApps>
  <Connectors>
    <Connector>
      <connectorid>2f1e7ab2-d11e-484b-ae60-9c0a32b7a2c1</connectorid>
      <description></description>
      <displayname>MeetingsCustomConnector</displayname>
      <iconbrandcolor>#007ee5</iconbrandcolor>
      <name>crec2_5Fmeetingscustomconnector</name>
      <connectortype>1</connectortype>
      <scriptoperations>[]</scriptoperations>
      <openapidefinition>/Connector/crec2_5Fmeetingscustomconnector_openapidefinition.json</openapidefinition>
      <connectionparameters>/Connector/crec2_5Fmeetingscustomconnector_connectionparameters.json</connectionparameters>
      <policytemplateinstances>/Connector/crec2_5Fmeetingscustomconnector_policytemplateinstances.json</policytemplateinstances>
      <customcodeblobcontent>/Connector/crec2_5Fmeetingscustomconnector_customcodeblobcontent.csx</customcodeblobcontent>
      <iconblob>/Connector/crec2_5Fmeetingscustomconnector_iconblob.Png</iconblob>
    </Connector>
  </Connectors>
  <connectionreferences>
    <connectionreference connectionreferencelogicalname="crec2_sharedcrec25fmeetingscustomconnector5f7336cc28f826ad2d_301d7">
      <connectionreferencedisplayname>MeetingsCustomConnector SupervisedMeetingSolution-301d7</connectionreferencedisplayname>
      <connectorid>/providers/Microsoft.PowerApps/apis/shared_crec2-5fmeetingscustomconnector-5f7336cc28f826ad2d</connectorid>
      <customconnectorid>
        <connectorid>2f1e7ab2-d11e-484b-ae60-9c0a32b7a2c1</connectorid>
      </customconnectorid>
      <iscustomizable>1</iscustomizable>
      <statecode>0</statecode>
      <statuscode>1</statuscode>
    </connectionreference>
    <connectionreference connectionreferencelogicalname="crec2_sharedcrec25fmeetingscustomconnector5f7336cc28f826ad2d_8d654">
      <connectionreferencedisplayname>MeetingsCustomConnector SupervisedMeetingSolution-8d654</connectionreferencedisplayname>
      <connectorid>/providers/Microsoft.PowerApps/apis/shared_crec2-5fmeetingscustomconnector-5f7336cc28f826ad2d</connectorid>
      <customconnectorid>
        <connectorid>2f1e7ab2-d11e-484b-ae60-9c0a32b7a2c1</connectorid>
      </customconnectorid>
      <iscustomizable>1</iscustomizable>
      <statecode>0</statecode>
      <statuscode>1</statuscode>
    </connectionreference>
    <connectionreference connectionreferencelogicalname="crec2_sharedsharepointonline_925fb">
      <connectionreferencedisplayname>SharePoint SupervisedMeetingSolution-925fb</connectionreferencedisplayname>
      <connectorid>/providers/Microsoft.PowerApps/apis/shared_sharepointonline</connectorid>
      <iscustomizable>1</iscustomizable>
      <statecode>0</statecode>
      <statuscode>1</statuscode>
    </connectionreference>
    <connectionreference connectionreferencelogicalname="crec2_sharedteams_18e59">
      <connectionreferencedisplayname>Microsoft Teams SupervisedMeetingSolution-18e59</connectionreferencedisplayname>
      <connectorid>/providers/Microsoft.PowerApps/apis/shared_teams</connectorid>
      <iscustomizable>1</iscustomizable>
      <statecode>0</statecode>
      <statuscode>1</statuscode>
    </connectionreference>
    <connectionreference connectionreferencelogicalname="crec2_sharedwebcontents_075f7">
      <connectionreferencedisplayname>HTTP with Azure AD SupervisedMeetingSolution-075f7</connectionreferencedisplayname>
      <connectorid>/providers/Microsoft.PowerApps/apis/shared_webcontents</connectorid>
      <iscustomizable>1</iscustomizable>
      <statecode>0</statecode>
      <statuscode>1</statuscode>
    </connectionreference>
    <connectionreference connectionreferencelogicalname="crec2_sharedwebcontents_f8c29">
      <connectionreferencedisplayname>HTTP with Azure AD SupervisedMeetingSolution-f8c29</connectionreferencedisplayname>
      <connectorid>/providers/Microsoft.PowerApps/apis/shared_webcontents</connectorid>
      <iscustomizable>1</iscustomizable>
      <statecode>0</statecode>
      <statuscode>1</statuscode>
    </connectionreference>
  </connectionreferences>
  <Languages>
    <Language>1033</Language>
  </Languages>
</ImportExportXml>