<environmentvariabledefinition schemaname="new_shared_sharepointonline_932278ac83344c19bb950b30c83f9adb">
  <apiid>/providers/microsoft.powerapps/apis/shared_sharepointonline</apiid>
  <displayname default="SupervisedMeetings - https://cvele.sharepoint.com/sites/SupervisedMeetings">
    <label description="SupervisedMeetings - https://cvele.sharepoint.com/sites/SupervisedMeetings" languagecode="1033" />
  </displayname>
  <introducedversion>1.0</introducedversion>
  <iscustomizable>1</iscustomizable>
  <isrequired>0</isrequired>
  <parameterkey>dataset</parameterkey>
  <secretstore>0</secretstore>
  <type>100000004</type>
</environmentvariabledefinition>