<ImportExportXml xmlns:xsi="http://www.w3.org/2001/XMLSchema-instance">
  <Entities></Entities>
  <Roles></Roles>
  <Workflows></Workflows>
  <FieldSecurityProfiles></FieldSecurityProfiles>
  <Templates />
  <EntityMaps />
  <EntityRelationships />
  <OrganizationSettings />
  <optionsets />
  <CustomControls />
  <EntityDataProviders />
  <Connectors>
    <Connector>
      <connectorid>2f1e7ab2-d11e-484b-ae60-9c0a32b7a2c1</connectorid>
      <description></description>
      <displayname>MeetingsCustomConnector</displayname>
      <iconbrandcolor>#007ee5</iconbrandcolor>
      <name>crec2_5Fmeetingscustomconnector</name>
      <connectortype>1</connectortype>
      <scriptoperations>[]</scriptoperations>
      <openapidefinition>/Connector/crec2_5Fmeetingscustomconnector_openapidefinition.json</openapidefinition>
      <connectionparameters>/Connector/crec2_5Fmeetingscustomconnector_connectionparameters.json</connectionparameters>
      <policytemplateinstances>/Connector/crec2_5Fmeetingscustomconnector_policytemplateinstances.json</policytemplateinstances>
      <customcodeblobcontent>/Connector/crec2_5Fmeetingscustomconnector_customcodeblobcontent.csx</customcodeblobcontent>
      <iconblob>/Connector/crec2_5Fmeetingscustomconnector_iconblob.Png</iconblob>
    </Connector>
  </Connectors>
  <Languages>
    <Language>1033</Language>
  </Languages>
</ImportExportXml>